date,type,address,city,zip,price,beds,baths,neighborhood,sqft,lotsize,year,hoa,url,mls,latitude,longitude
August-1-2019,condo,27 Wheeler St #219,Cambridge,02138,570000,1,1,Cambridge,644,,2007,280,http://www.redfin.com/MA/Cambridge/27-Wheeler-St-02138/unit-219/home/28439963,72512235,42.3891481,-71.1443056
August-1-2019,condo,51 Howard St #1,Cambridge,02139,775000,2,1,Riverside,900,,1910,182,http://www.redfin.com/MA/Cambridge/51-Howard-St-02139/unit-1/home/167111323,72521562,42.3656135,-71.1111028
August-1-2019,condo,20 Chestnut St #307,Cambridge,02139,912500,2,2,Cambridgeport,1069,,1991,472,http://www.redfin.com/MA/Cambridge/20-Chestnut-St-02139/unit-307/home/113009709,72491646,42.355444,-71.107399
August-1-2019,condo,992 Memorial Dr #406,Cambridge,02138,975000,1,1,Cambridge,861,,1900,509,http://www.redfin.com/MA/Cambridge/992-Memorial-Dr-02138/unit-406/home/11575122,72497548,42.3735563,-71.1262848
August-1-2019,condo,60 Pleasant St #2,Cambridge,02139,646666,2,1,Cambridge,915,,1925,340,http://www.redfin.com/MA/Cambridge/60-Pleasant-St-02139/unit-2/home/11561563,72526414,42.3630072,-71.1091562
August-1-2019,condo,9 Medford St #502,Somerville,02143,664000,1,1,Somerville,865,,1916,575,http://www.redfin.com/MA/Somerville/9-Medford-St-02143/unit-502/home/166770566,72504283,42.3742011,-71.0868252
August-1-2019,condo,169 Monsignor Obrien Hwy #413,Cambridge,02141,464000,0,1,East Cambridge,531,,1930,376,http://www.redfin.com/MA/Cambridge/169-Monsignor-O-Brien-Hwy-02141/unit-413/home/11600187,72515015,42.3718074,-71.0775304
August-1-2019,condo,37 Harrison St #1,Somerville,02143,922100,3,2.5,Inman Square,1612,2849,2018,200,http://www.redfin.com/MA/Somerville/37-Harrison-St-02143/unit-1/home/148434142,72496671,42.3821929,-71.1098109
August-1-2019,condo,19 Third #3,Cambridge,02141,522025,2,1,Cambridge,578,,1873,226,http://www.redfin.com/MA/Cambridge/19-Third-St-02141/unit-3/home/11599278,72504639,42.3721532,-71.07976
August-1-2019,condo,79 Tremont St #2,Cambridge,02139,569000,2,1,Inman Square,627,,1903,200,http://www.redfin.com/MA/Cambridge/79-Tremont-St-02139/unit-2/home/11596230,72507023,42.3727972,-71.0975471
August-1-2019,multifamily,292 Columbia St,Cambridge,02141,1750000,6,3,Cambridge,3900,3273,1894,,http://www.redfin.com/MA/Cambridge/292-Columbia-St-02141/home/11556772,72482089,42.3702143,-71.0957618
August-12-2019,condo,28 Donnell St Unit B,Cambridge,02138,1425000,3,2.5,Neighborhood 9,1975,,1970,,http://www.redfin.com/MA/Cambridge/28-Donnell-St-02138/unit-B/home/137208461,72509009,42.384545,-71.1315473
August-12-2019,condo,52 Cedar St #52,Cambridge,02140,1440000,4,3,Cambridge,2186,,2015,175,http://www.redfin.com/MA/Cambridge/52-Cedar-St-02140/unit-52/home/167047115,72513783,42.3946211,-71.1306127
August-12-2019,condo,31 Linnaean St #3,Cambridge,02138,970000,3,1,Cambridge,1374,,1880,1248,http://www.redfin.com/MA/Cambridge/31-Linnaean-St-02138/unit-3/home/11585478,72513629,42.3839726,-71.122853
August-12-2019,condo,289 Windsor St #3,Cambridge,02139,1250000,3,2,Cambridge,1302,,2017,165,http://www.redfin.com/MA/Cambridge/289-291-Windsor-St-02139/unit-3/home/142946925,72524030,42.368439,-71.095305
August-13-2019,condo,253 Norfolk St Unit 1-1,Cambridge,02139,640000,1,1,Inman Square,629,,1875,343,http://www.redfin.com/MA/Cambridge/253-Norfolk-St-02139/unit-11/home/11548612,72523208,42.3706016,-71.0979696
August-14-2019,condo,43 Linnaean St #32,Cambridge,02138,700000,1,1,Avon Hill,993,,1922,634,http://www.redfin.com/MA/Cambridge/43-Linnaean-St-02138/unit-32/home/11584994,72514600,42.3834946,-71.1239134
August-14-2019,townhouse,6 Sherman St Unit B,Cambridge,02138,789000,2,1.5,Cambridge,1220,,1982,388,http://www.redfin.com/MA/Cambridge/6-Sherman-St-02138/unit-B/home/11584671,72471946,42.3844523,-71.129466
August-15-2019,condo,6 Canal Park #310,Cambridge,02141,1200000,3,2,East Cambridge,1420,,1986,816,http://www.redfin.com/MA/Cambridge/6-Canal-Park-02141/unit-310/home/11550404,72502793,42.3696481,-71.0749309
August-15-2019,townhouse,85 Standish St #85,Cambridge,02138,1740000,4,3.5,Cambridge,2105,,2019,216,http://www.redfin.com/MA/Cambridge/85-Standish-St-02138/unit-85/home/167107673,72520930,42.3835433,-71.1393853
August-16-2019,condo,8 Museum Way #510,Cambridge,02141,570000,1,1,East Cambridge,661,,1998,594,http://www.redfin.com/MA/Cambridge/8-Museum-Way-02141/unit-510/home/11603406,72507424,42.3700991,-71.0716742
August-16-2019,condo,29 Wheeler St #108,Cambridge,02138,515000,1,1,Cambridge,680,,2008,255,http://www.redfin.com/MA/Cambridge/29-Wheeler-St-02138/unit-108/home/28439690,72535895,42.3891794,-71.144306
August-16-2019,condo,304 Washington St #6,Cambridge,02139,830000,3,1,Cambridge,1018,,1895,250,http://www.redfin.com/MA/Cambridge/304-Washington-St-02139/unit-6/home/11555714,72525639,42.3651515,-71.0981715
August-19-2019,condo,28 Bradbury St Unit B,Cambridge,02138,1375000,3,2.5,Cambridge,2007,,1960,1754,http://www.redfin.com/MA/Cambridge/28-Bradbury-St-02138/unit-B/home/163387635,72535864,42.3754435,-71.1304784
August-19-2019,condo,18 Sargent St #18,Cambridge,02140,980000,3,2,North Cambridge,1635,,1900,270,http://www.redfin.com/MA/Cambridge/18-Sargent-St-02140/unit-18/home/145685363,72507827,42.3925351,-71.1318664
August-19-2019,condo,578 Cambridge St Unit 3F,Cambridge,02141,426000,1,1,East Cambridge,465,,1964,208,http://www.redfin.com/MA/Cambridge/578-Cambridge-St-02141/unit-3F/home/11602046,72522040,42.3717198,-71.0859854
August-2-2019,condo,1580 Massachusetts Ave Unit 6D,Cambridge,02138,850000,2,2,Harvard Square,972,,1978,412,http://www.redfin.com/MA/Cambridge/1580-Massachusetts-Ave-02138/unit-6D/home/11576497,72508360,42.3792189,-71.1206208
August-2-2019,multifamily,422 Norfolk St,Somerville,02143,1560000,10,4,Somerville,4062,3028,1900,,http://www.redfin.com/MA/Somerville/422-Norfolk-St-02143/home/8738747,72476399,42.374443,-71.095207
August-2-2019,townhouse,32 Sciarappa St #2,Cambridge,02141,575000,2,2,East Cambridge,858,,1900,263,http://www.redfin.com/MA/Cambridge/32-Sciarappa-St-02141/unit-2/home/23429848,72513505,42.3702938,-71.0785327
August-20-2019,condo,599 Cambridge St #101,Cambridge,02141,700000,2,2,East Cambridge,968,,1986,480,http://www.redfin.com/MA/Cambridge/599-Cambridge-St-02141/unit-101/home/11554127,72521888,42.3719922,-71.0863642
August-20-2019,condo,5 Tannery Brook Row #2,Somerville,02144,699000,2,1,Davis Square,948,,2004,267,http://www.redfin.com/MA/Somerville/5-Tannery-Brook-Row-02144/unit-2/home/12296143,72487075,42.3978459,-71.1278284
August-20-2019,condo,395 Huron Ave #2,Cambridge,02138,1240000,4,2.5,West Cambridge,2136,,1880,220,http://www.redfin.com/MA/Cambridge/395-Huron-Ave-02138/unit-2/home/11590536,72517464,42.3811461,-71.1397649
August-20-2019,townhouse,87 Standish St #87,Cambridge,02138,1575000,3,3.5,Cambridge,1778,,2019,216,http://www.redfin.com/MA/Cambridge/87-Standish-St-02138/unit-87/home/167107664,72520929,42.3835895,-71.1394015
August-21-2019,condo,3 Hancock Pl #1,Cambridge,02139,665000,1,1,Mid Cambridge,765,,1890,150,http://www.redfin.com/MA/Cambridge/3-Hancock-Pl-02139/unit-1/home/12427942,72539223,42.3695919,-71.1071289
August-21-2019,condo,38 Winter St #38,Cambridge,02141,535000,2,2,Cambridge,736,,1900,254,http://www.redfin.com/MA/Cambridge/38-Winter-St-02141/unit-38/home/167088028,72518182,42.3725153,-71.0810115
August-21-2019,condo,2 Earhart St #937,Cambridge,02141,895000,1,1.5,Cambridge,920,920,2006,699,http://www.redfin.com/MA/Cambridge/2-Earhart-St-02141/unit-937/home/28439925,72523026,42.3710164,-71.0742685
August-21-2019,condo,180 Magazine St Ph -3,Cambridge,02139,850000,2,1,Cambridgeport,1138,,1916,328,http://www.redfin.com/MA/Cambridge/180-Magazine-St-02139/unit-3/home/147610580,72515823,42.3571725,-71.1128917
August-22-2019,condo,34 Camp St #1,Cambridge,02140,650000,2,1,North Cambridge,950,,1904,175,http://www.redfin.com/MA/Cambridge/34-36-Camp-St-02140/unit-1/home/11580108,72525383,42.3987979,-71.1295655
August-22-2019,condo,395 Broadway Unit L3E,Cambridge,02139,505000,1,1,Mid Cambridge,537,,1935,357,http://www.redfin.com/MA/Cambridge/395-Broadway-02139/unit-L3E/home/11563375,72532991,42.3719346,-71.1068336
August-22-2019,condo,213 Harvard St Unit 1L,Cambridge,02139,740000,3,1,Area 4,1187,,1903,341,http://www.redfin.com/MA/Cambridge/213-Harvard-St-02139/unit-1L/home/11558146,72508039,42.367456,-71.098849
August-22-2019,singlefamily,69 Henderson St,Arlington,02474,1200000,4,4,East Arlington,2858,7808,1870,,http://www.redfin.com/MA/Arlington/69-Henderson-St-02474/home/8407717,72531967,42.4039328,-71.135301
August-22-2019,townhouse,17 Saint Mary Rd #17,Cambridge,02139,1790000,4,2.5,Cambridge,2096,,1886,175,http://www.redfin.com/MA/Cambridge/17-Saint-Mary-Rd-02139/unit-17/home/137604161,72536174,42.3712148,-71.1012399
August-23-2019,condo,7 Arlington St #46,Cambridge,02140,860000,2,1,Avon Hill,912,,1928,673,http://www.redfin.com/MA/Cambridge/7-Arlington-St-02140/unit-46/home/11578521,72513400,42.386622,-71.1199986
August-23-2019,condo,94 Hampshire St Unit A,Cambridge,02139,884000,2,1.5,Cambridge,1092,,1920,346,http://www.redfin.com/MA/Cambridge/94-Hampshire-St-02139/unit-A/home/167574198,72536004,42.3688045,-71.0951119
August-23-2019,condo,55 Howard St #3,Cambridge,02139,795000,2,1,Riverside,913,,1916,182,http://www.redfin.com/MA/Cambridge/55-Howard-St-02139/unit-3/home/167552678,72535502,42.3658699,-71.1111413
August-23-2019,condo,24 Madison Ave #1,Cambridge,02140,630000,2,1,North Cambridge,1060,,1913,250,http://www.redfin.com/MA/Cambridge/24-Madison-Ave-02140/unit-1/home/12428013,72512610,42.3996314,-71.1363817
August-23-2019,condo,192 Raymond St #6,Cambridge,02140,815000,2,2,Cambridge,1000,,2015,273,http://www.redfin.com/MA/Cambridge/192-Raymond-St-02140/unit-6/home/105535250,72521403,42.389298,-71.128848
August-23-2019,multifamily,93 Beacon St,Somerville,02143,1600000,5,4.5,Inman Square,3714,2741,1900,,http://www.redfin.com/MA/Somerville/93-Beacon-St-02143/home/8724993,72499390,42.3773062,-71.1048723
August-26-2019,condo,284 Harvard St #76,Cambridge,02139,758000,2,2,Central Square,872,,1978,520,http://www.redfin.com/MA/Cambridge/284-Harvard-St-02139/unit-76/home/28552431,72512559,42.3690828,-71.1045822
August-26-2019,condo,285 Harvard St #412,Cambridge,02139,640000,1,1,Mid Cambridge,592,,1910,311,http://www.redfin.com/MA/Cambridge/285-Harvard-St-02139/unit-412/home/11562553,72540737,42.3694214,-71.1041518
August-26-2019,condo,147 Sherman St #102,Cambridge,02140,585000,1,1,Cambridge,1106,,1967,282,http://www.redfin.com/MA/Cambridge/147-Sherman-St-02140/unit-102/home/45115771,72508128,42.3909845,-71.1329175
August-26-2019,condo,10 Dana St #305,Cambridge,02138,795000,2,1,Cambridge,881,,1909,496,http://www.redfin.com/MA/Cambridge/10-Dana-St-02138/unit-305/home/11565506,72496035,42.3701157,-71.1096642
August-26-2019,condo,169 Monsignor Obrien Hwy #516,Cambridge,02141,820000,2,2,East Cambridge,1201,,1930,817,http://www.redfin.com/MA/Cambridge/169-Monsignor-O-Brien-Hwy-02141/unit-516/home/11600878,72537208,42.3718074,-71.0775304
August-26-2019,condo,128 Cherry St #3,Cambridge,02139,975000,3,2,Cambridge,1067,,1854,267,http://www.redfin.com/MA/Cambridge/128-Cherry-St-02139/unit-3/home/55737083,72535918,42.3654889,-71.0966666
August-26-2019,singlefamily,6 Livermore Pl,Cambridge,02141,765000,2,1.5,Cambridge,1300,1116,1903,,http://www.redfin.com/MA/Cambridge/6-Livermore-Pl-02141/home/11556811,72526375,42.370911,-71.095114
August-26-2019,townhouse,84 Clarendon Ave #84,Somerville,02144,725000,3,2,Somerville,1228,,1988,250,http://www.redfin.com/MA/Somerville/84-Clarendon-Ave-02144/unit-84/home/60364771,72507606,42.4012703,-71.1302139
August-27-2019,condo,23 Cambridge Ter #3,Cambridge,02140,812500,2,1,Cambridge,1010,,1909,245,http://www.redfin.com/MA/Cambridge/23-Cambridge-Ter-02140/unit-3/home/12427843,72538765,42.3882137,-71.123341
August-27-2019,multifamily,23 Greenough Ave,Cambridge,02139,2250000,7,3,Cambridge,3901,5000,1903,,http://www.redfin.com/MA/Cambridge/23-Greenough-Ave-02139/unit-000002/home/11563600,72525692,42.3737312,-71.1061605
August-27-2019,singlefamily,38 Fulkerson St,Cambridge,02141,1075000,3,1.5,Cambridge,1520,1612,1873,,http://www.redfin.com/MA/Cambridge/38-Fulkerson-St-02141/home/11553570,72512044,42.3708333,-71.0869877
August-28-2019,condo,18 Tufts St #4,Cambridge,02139,1050000,3,2.5,Cambridgeport,1310,,1920,169,http://www.redfin.com/MA/Cambridge/18-Tufts-St-02139/unit-4/home/160501915,72455089,42.3572171,-71.1115934
August-28-2019,condo,262 Monsignor 0'Brien Hwy #405,Cambridge,02141,895000,2,2,Cambridge,1044,,2018,597,http://www.redfin.com/MA/Cambridge/262-Monsignor-0-Brien-Hwy-02141/unit-405/home/147712071,72413292,42.3716445,-71.0809757
August-28-2019,condo,9 Medford St #704,Somerville,02143,679000,1,1,Somerville,799,,1916,565,http://www.redfin.com/MA/Somerville/9-Medford-St-02143/unit-704/home/167845814,72538177,42.3742011,-71.0868252
August-28-2019,condo,55 Howard St #2,Cambridge,02139,735000,2,1,Riverside,744,,1916,182,http://www.redfin.com/MA/Cambridge/55-Howard-St-02139/unit-2/home/168601559,72546258,42.3658699,-71.1111413
August-28-2019,condo,70 Park St #53,Somerville,02143,490000,2,1,Somerville,574,,1975,264,http://www.redfin.com/MA/Somerville/70-Park-St-02143/unit-53/home/8759752,72536742,42.3804382,-71.1078831
August-28-2019,condo,30 Bigelow St Unit B,Cambridge,02139,950000,2,1.5,Mid Cambridge,1015,,1890,333,http://www.redfin.com/MA/Cambridge/30-Bigelow-St-02139/unit-B/home/11566859,72530609,42.3685569,-71.1047247
August-28-2019,condo,145 Amory #1,Cambridge,02139,1925000,4,3.5,Cambridge,2168,,2019,9999999,http://www.redfin.com/MA/Cambridge/145-Amory-St-02139/unit-1/home/167485615,72535340,42.3725471,-71.1001993
August-28-2019,multifamily,922 Massachusetts Ave,Cambridge,02139,11550000,29,31,Cambridge,21770,4800,1915,,http://www.redfin.com/MA/Cambridge/922-Massachusetts-Ave-02139/home/11567413,72467126,42.368252,-71.10909
August-28-2019,townhouse,260 Beacon St #105,Somerville,02143,1225000,3,2.5,Inman Square,1810,,2018,503,http://www.redfin.com/MA/Somerville/260-Beacon-St-02143/unit-105/home/147241046,72400069,42.3823048,-71.1119401
August-29-2019,condo,411 Norfolk St Unit 1F,Somerville,02143,311226,1,1,Somerville,336,,2002,245,http://www.redfin.com/MA/SOMERVILLE/411-NORFOLK-ST-02143/unit-1F/home/8753858,72491705,42.374356,-71.095705
August-29-2019,condo,260 Beacon St #103,Somerville,02143,1049000,2,2,Somerville,1482,,2019,412,http://www.redfin.com/MA/Somerville/260-Beacon-St-02143/unit-103/home/147037480,72394430,42.3823048,-71.1119401
August-29-2019,singlefamily,8 Eustis St,Cambridge,02140,1334287,3,2,Agassiz Neighborhood,1817,845,1994,,http://www.redfin.com/MA/Cambridge/8-Eustis-St-02140/home/11573675,72507825,42.3835064,-71.1157355
August-29-2019,singlefamily,12 Corporal Burns Rd,Cambridge,02138,1390000,3,2.5,West Cambridge,1468,4100,1920,138,http://www.redfin.com/MA/Cambridge/12-Corporal-Burns-Rd-02138/unit-000012/home/11549912,72531887,42.3856308,-71.1378473
August-30-2019,condo,94 Amory St #2,Cambridge,02139,985000,2,2,Inman Square,1157,,1930,250,http://www.redfin.com/MA/Cambridge/94-Amory-St-02139/unit-2/home/11601107,72536097,42.3714876,-71.1003764
August-30-2019,condo,395 Broadway Unit L5B,Cambridge,02139,679000,2,1,Cambridge,954,,1935,602,http://www.redfin.com/MA/Cambridge/395-Broadway-02139/unit-L5B/home/11563402,72542935,42.3719346,-71.1068336
August-30-2019,condo,29 Pemberton St #2,Cambridge,02140,882500,2,2,North Cambridge,1075,,1908,220,http://www.redfin.com/MA/Cambridge/29-Pemberton-St-02140/unit-2/home/40011791,72539208,42.3918165,-71.1254339
August-30-2019,condo,231 Coolidge Ave #409,Watertown,02472,375000,1,1,Watertown,638,,1962,334,http://www.redfin.com/MA/Watertown/231-Coolidge-Ave-02472/unit-409/home/11702832,72537852,42.3660189,-71.1445289
August-30-2019,condo,104 Woodstock St #3,Somerville,02144,637000,2,2.5,Teele Square,1043,,1920,377,http://www.redfin.com/MA/Somerville/104-Woodstock-St-02144/unit-3/home/12389601,72522294,42.4039376,-71.1338853
August-30-2019,singlefamily,160 River St,Cambridge,02139,1700001,5,2.5,Cambridge,3231,4309,1902,,http://www.redfin.com/MA/Cambridge/160-River-St-02139/home/11568640,72538672,42.3634415,-71.1095958
August-30-2019,singlefamily,70 Kirkland #7,Cambridge,02138,1675000,3,3,Harvard Square,2184,2194,1979,,http://www.redfin.com/MA/Cambridge/70-Kirkland-St-02138/unit-7/home/168016383,72542162,42.3772069,-71.1098975
August-30-2019,townhouse,321 Harvard St #402,Cambridge,02139,750000,2,1.5,Harvard Square,810,,1980,422,http://www.redfin.com/MA/Cambridge/321-Harvard-St-02139/unit-402/home/11564813,72521463,42.3704201,-71.1073621
August-5-2019,condo,64 Highland Ave #3,Cambridge,02139,1030000,3,1,Inman Square,1366,,1910,400,http://www.redfin.com/MA/Cambridge/64-Highland-Ave-02139/unit-3/home/11563920,72507361,42.3734621,-71.104973
August-5-2019,singlefamily,73 Henderson St,Arlington,02474,1260000,4,4,East Arlington,2963,6700,1920,,http://www.redfin.com/MA/Arlington/73-Henderson-St-02474/home/8407713,72521621,42.4040131,-71.1351734
August-6-2019,condo,14 Malcolm Rd #1,Cambridge,02138,1285000,3,3,West Cambridge,1624,,1914,200,http://www.redfin.com/MA/Cambridge/14-Malcolm-Rd-02138/unit-1/home/167472136,72535295,42.3816688,-71.139129
August-6-2019,singlefamily,213 Brattle St,Cambridge,02138,2050000,4,2.5,West Cambridge,2778,3155,1896,,http://www.redfin.com/MA/Cambridge/213-Brattle-St-02138/home/11591545,72489864,42.376491,-71.140161
August-6-2019,singlefamily,250 Garden St,Cambridge,02138,720000,3,1,Cambridge,1140,2059,1973,,http://www.redfin.com/MA/Cambridge/250-Garden-St-02138/home/11599699,72517472,42.3863618,-71.1355041
August-7-2019,condo,226 Banks St #4,Cambridge,02138,753000,2,1,Cambridge,736,,1920,242,http://www.redfin.com/MA/Cambridge/226-Banks-St-02138/unit-4/home/138319077,72525850,42.3654319,-71.1147686
August-8-2019,multifamily,117 Fayerweather St,Cambridge,02138,1551375,5,3,West Cambridge,3359,4254,1916,,http://www.redfin.com/MA/Cambridge/117-Fayerweather-St-02138/home/11594073,72521340,42.3834033,-71.1370301
August-9-2019,singlefamily,7 Murdock St,Cambridge,02139,1500000,3,3,Cambridge,1468,1846,1989,,http://www.redfin.com/MA/Cambridge/7-Murdock-St-02139/home/11557857,72532052,42.3716195,-71.0987793
July-1-2019,condo,102 Hancock St #4,Cambridge,02139,970000,2,2,Mid Cambridge,1270,,1839,333,http://www.redfin.com/MA/Cambridge/102-Hancock-St-02139/unit-4/home/11565883,72493309,42.3690023,-71.1076646
July-1-2019,condo,54 Matignon Rd #54,Cambridge,02140,950000,4,2,Cambridge,2195,,1928,275,http://www.redfin.com/MA/Cambridge/54-Matignon-Rd-02140/unit-54/home/164421025,72490438,42.402082,-71.1332738
July-1-2019,condo,34 Gorham St #3,Cambridge,02138,745000,3,1,Agassiz,1220,,1925,300,http://www.redfin.com/MA/Cambridge/34-Gorham-St-02138/unit-3/home/161101391,72477439,42.3812937,-71.1146093
July-1-2019,condo,86 Buckingham #3,Cambridge,02138,525000,1,1,West Cambridge,600,,1920,266,http://www.redfin.com/MA/Cambridge/86-Buckingham-St-02138/unit-3/home/45497486,72491143,42.3809345,-71.1289011
July-1-2019,condo,21 Chauncy St Unit 1B,Cambridge,02138,459000,1,1,Cambridge,635,,1900,370,http://www.redfin.com/MA/Cambridge/21-Chauncy-St-02138/unit-1B/home/11586051,72454084,42.3796749,-71.1230811
July-1-2019,condo,111 Magazine St #1,Cambridge,02139,862000,2,1.5,Cambridgeport,1047,,1916,200,http://www.redfin.com/MA/Cambridge/111-Magazine-St-02139/unit-1/home/11560658,72491309,42.3600237,-71.1104027
July-1-2019,singlefamily,51 Jay St,Cambridge,02139,1950000,3,3.5,Cambridgeport,1863,1863,2016,189,http://www.redfin.com/MA/Cambridge/51-Jay-St-02139/unit-51/home/109086372,72500410,42.3660619,-71.1102226
July-10-2019,condo,1 Speridakis Ter #2,Cambridge,02139,875000,3,1,Cambridgeport,1019,,1920,271,http://www.redfin.com/MA/Cambridge/1-Speridakis-Ter-02139/unit-2/home/167088174,72518206,42.3604912,-71.1069989
July-10-2019,condo,4 Cambridge Ter #2,Cambridge,02140,911000,2,2,Neighborhood 9,1163,,1930,243,http://www.redfin.com/MA/Cambridge/4-Cambridge-Ter-02140/unit-2/home/21863212,72513094,42.3881558,-71.1223197
July-10-2019,multifamily,421 Walden St,Cambridge,02138,2400000,6,3,West Cambridge,3345,5227,1912,,http://www.redfin.com/MA/Cambridge/421-Walden-St-02138/home/11594050,72507933,42.3829121,-71.1354519
July-11-2019,condo,266 Windsor St Unit B,Cambridge,02139,430000,1,1,Area 4,622,,1927,263,http://www.redfin.com/MA/Cambridge/266-Windsor-St-02139/unit-B/home/11556252,72495630,42.3677628,-71.095065
July-11-2019,singlefamily,20 Berkeley St,Cambridge,02138,6000000,7,4.5,Harvard Square,5995,12946,1857,,http://www.redfin.com/MA/Cambridge/20-Berkeley-St-02138/home/11587020,72490321,42.3784455,-71.1262144
July-11-2019,townhouse,33 Ivaloo St #2,Somerville,02143,970000,3,2,Somerville,1847,2319,1890,225,http://www.redfin.com/MA/Somerville/33-Ivaloo-St-02143/unit-2/home/12376745,72508414,42.3814939,-71.1088079
July-12-2019,condo,285 Harvard St #110,Cambridge,02139,375000,1,1,Cambridge,368,,1910,194,http://www.redfin.com/MA/Cambridge/285-Harvard-St-02139/unit-110/home/11562462,72521570,42.3694214,-71.1041518
July-12-2019,condo,80 Lexington Ave #3,Cambridge,02138,1285000,2,2,West Cambridge,1890,,1900,280,http://www.redfin.com/MA/Cambridge/80-Lexington-Ave-02138/unit-3/home/28956024,72513605,42.3772067,-71.14023
July-12-2019,condo,7 Centre #24,Cambridge,02139,942750,2,1,Cambridge,1304,,1925,476,http://www.redfin.com/MA/Cambridge/7-Centre-St-02139/unit-24/home/11565237,72508559,42.3696949,-71.1083283
July-12-2019,condo,199 Prospect St Unit A2,Cambridge,02139,630000,2,1,Mid Cambridge,974,,1905,302,http://www.redfin.com/MA/Cambridge/199-Prospect-St-02139/unit-A2/home/110093859,72507979,42.3702509,-71.1005586
July-12-2019,singlefamily,49 Grozier Rd,Cambridge,02138,2580000,4,3,West Cambridge,2874,6108,1929,,http://www.redfin.com/MA/Cambridge/49-Grozier-Rd-02138/home/12428150,72501186,42.3790107,-71.1415327
July-12-2019,singlefamily,45 Mount Vernon St,Cambridge,02140,3650000,6,4.5,Avon Hill,5119,8255,1888,,http://www.redfin.com/MA/Cambridge/45-Mt-Vernon-St-02140/home/11578183,72487371,42.387331,-71.12111
July-12-2019,singlefamily,23 Chester St,Somerville,02144,2650000,5,3.5,Davis Square,3409,8083,1900,,http://www.redfin.com/MA/Somerville/23-Chester-St-02144/home/11649716,72486949,42.3941039,-71.1240327
July-15-2019,condo,152 Berkshire St #6,Cambridge,02141,446500,1,1,Cambridge,505,,1920,281,http://www.redfin.com/MA/Cambridge/152-Berkshire-St-02141/unit-6/home/11601643,72467005,42.3717854,-71.0898109
July-15-2019,condo,150 Cambridge St #110,Cambridge,02141,1055000,2,2,East Cambridge,1116,,2006,850,http://www.redfin.com/MA/Cambridge/150-Cambridge-St-02141/unit-110/home/12428067,72500899,42.3706978,-71.0784314
July-15-2019,condo,1975 Massachusetts Ave #405,Cambridge,02140,1270000,2,2,Porter Square,1187,,2016,581,http://www.redfin.com/MA/Cambridge/1975-Massachusetts-Ave-02140/unit-405/home/167039151,72512581,42.3902162,-71.1206206
July-15-2019,condo,75 Richdale Ave #9,Cambridge,02140,1489000,1,2,Porter Square,1933,,1900,336,http://www.redfin.com/MA/Cambridge/75-Richdale-Ave-02140/unit-9/home/11583911,72517666,42.3888217,-71.1234523
July-15-2019,multifamily,107 Columbia St,Cambridge,02139,2200000,10,3,Cambridge,4158,2757,1854,,http://www.redfin.com/MA/Cambridge/107-Columbia-St-02139/home/11558279,72508204,42.3660578,-71.0985936
July-15-2019,singlefamily,21 Stearns St,Cambridge,02138,2030000,4,2.5,Observatory Hill,2274,4320,1890,,http://www.redfin.com/MA/Cambridge/21-Stearns-St-02138/home/11588873,72505077,42.3855758,-71.1310421
July-15-2019,singlefamily,6 Chauncy Ln,Cambridge,02138,2500000,3,3.5,Harvard Square,2774,1460,1969,,http://www.redfin.com/MA/Cambridge/6-Chauncy-Ln-02138/home/11577030,72491208,42.3799719,-71.1223732
July-15-2019,townhouse,173 Huron Ave #173,Cambridge,02138,2825000,4,4.5,West Cambridge,3506,,2019,479,http://www.redfin.com/MA/Cambridge/173-Huron-Ave-02138/unit-173/home/160678278,72464891,42.3822304,-71.1317014
July-16-2019,condo,9 Chauncy St #52,Cambridge,02138,825000,2,1,Harvard Square,995,,1972,435,http://www.redfin.com/MA/Cambridge/9-Chauncy-St-02138/unit-52/home/11577096,72511555,42.3800699,-71.1213206
July-16-2019,condo,931 Massachusetts Ave #302,Cambridge,02139,1051000,2,2,Cambridge,962,,1987,981,http://www.redfin.com/MA/Cambridge/931-Massachusetts-Ave-02139/unit-302/home/11565670,72496642,42.3688865,-71.109566
July-16-2019,singlefamily,12A Watson St,Cambridge,02139,1745000,4,3,Cambridgeport,2097,2400,2005,,http://www.redfin.com/MA/Cambridge/12A-Watson-St-02139/home/166861522,72508305,42.3618744,-71.1044529
July-16-2019,singlefamily,82 Larch Rd,Cambridge,02138,2200000,5,2,Cambridge,2361,6821,1927,,http://www.redfin.com/MA/Cambridge/82-Larch-Rd-02138/home/11591922,72478883,42.3780946,-71.1426932
July-17-2019,condo,16 Chauncy St #21,Cambridge,02138,400000,0,1,Neighborhood 9,384,,1900,276,http://www.redfin.com/MA/Cambridge/16-Chauncy-St-02138/unit-21/home/11575835,72482686,42.3795948,-71.1217784
July-17-2019,condo,21 Essex St Unit 1F,Cambridge,02139,450000,1,1,Cambridge,526,,1920,200,http://www.redfin.com/MA/Cambridge/21-Essex-St-02139/unit-1F/home/12427678,72517447,42.3662883,-71.1021351
July-17-2019,condo,24 Maple Ave #5,Cambridge,02139,712000,1,1,Cambridge,754,,1903,286,http://www.redfin.com/MA/Cambridge/24-Maple-Ave-02139/unit-5/home/11564026,72517868,42.3724409,-71.1042965
July-17-2019,condo,27 Maple Ave #1,Cambridge,02139,1580000,3,2.5,Cambridge,1824,,1904,414,http://www.redfin.com/MA/Cambridge/27-Maple-Ave-02139/unit-1/home/11597817,72500705,42.3729858,-71.1046923
July-17-2019,condo,166 Hancock St #166,Cambridge,02139,1950000,4,3.5,Mid Cambridge,2001,,1902,250,http://www.redfin.com/MA/Cambridge/166-Hancock-St-02139/unit-166/home/28494089,72508368,42.3706491,-71.1064946
July-17-2019,condo,9 Medford St Ph 01,Somerville,02143,1125000,2,2,Somerville,1064,,1916,912,http://www.redfin.com/MA/Somerville/9-Medford-St-02143/unit-01/home/167180164,72529709,42.3742011,-71.0868252
July-17-2019,condo,76 Reservoir St #1,Cambridge,02138,789000,3,1,West Cambridge,1133,,1906,,http://www.redfin.com/MA/Cambridge/76-Reservoir-St-02138/unit-1/home/19003233,72514620,42.3818685,-71.1354466
July-17-2019,condo,253 Norfolk St Unit 1-4,Cambridge,02139,713000,1,1,Inman Square,948,,1875,517,http://www.redfin.com/MA/Cambridge/253-Norfolk-St-02139/unit-14/home/11549145,72507987,42.3706016,-71.0979696
July-17-2019,singlefamily,20 Brown St,Cambridge,02138,1450000,1,1.5,Cambridge,1400,2297,1873,,http://www.redfin.com/MA/Cambridge/20-Brown-St-02138/home/11587210,72521367,42.3758906,-71.128823
July-17-2019,townhouse,331 Beacon St #2,Somerville,02143,806500,3,2.5,Somerville,1320,,1910,125,http://www.redfin.com/MA/Somerville/331-Beacon-St-02143/unit-2/home/12389673,72508260,42.3850445,-71.114369
July-17-2019,townhouse,47 Market St #1,Cambridge,02139,1320000,3,2.5,Cambridge,2041,,1902,312,http://www.redfin.com/MA/Cambridge/47-Market-St-02139/unit-1/home/103997961,72487143,42.3688018,-71.0965227
July-18-2019,condo,2 Chester St Unit 2B,Cambridge,02140,760000,2,1.5,Cambridge,1050,,1980,257,http://www.redfin.com/MA/Cambridge/2-Chester-St-02140/unit-2B/home/167134871,72525556,42.3930085,-71.1250075
July-18-2019,condo,18 Sacramento Pl #2,Cambridge,02138,720000,2,1,Agassiz,869,,2019,120,http://www.redfin.com/MA/Cambridge/18-Sacramento-Pl-02138/unit-2/home/163375967,72486408,42.3831385,-71.116798
July-18-2019,townhouse,651 Concord Ave #1,Cambridge,02138,830000,2,2.5,Cambridge,1478,,1996,326,http://www.redfin.com/MA/Cambridge/651-Concord-Ave-02138/unit-1/home/11548907,72512660,42.3898447,-71.1484652
July-19-2019,condo,16 Reed St #3,Cambridge,02140,823000,2,1.5,North Cambridge,992,,1915,140,http://www.redfin.com/MA/Cambridge/16-Reed-St-02140/unit-3/home/167086903,72517970,42.3938809,-71.1321955
July-19-2019,condo,259 Brookline St #259,Cambridge,02139,1635000,3,3.5,Cambridgeport,1823,,1886,250,http://www.redfin.com/MA/Cambridge/259-Brookline-St-02139/unit-259/home/136679912,72500064,42.3578436,-71.1076742
July-19-2019,condo,53 Howard St #2,Cambridge,02139,750000,2,1,Riverside,860,,1910,182,http://www.redfin.com/MA/Cambridge/53-Howard-St-02139/unit-2/home/167026600,72512175,42.3658262,-71.1111741
July-19-2019,condo,2 Longfellow Rd #2,Cambridge,02138,1400000,4,2,Cambridge,2200,,1930,350,http://www.redfin.com/MA/Cambridge/2-Longfellow-Rd-02138/unit-2/home/137297541,72517688,42.3750755,-71.1340044
July-19-2019,condo,35 Pemberton St #2,Cambridge,02140,737000,2,1,North Cambridge,925,,1920,435,http://www.redfin.com/MA/Cambridge/35-Pemberton-St-02140/unit-2/home/11549754,72506835,42.3914255,-71.125527
July-19-2019,condo,13 Cottage Ave #1,Somerville,02144,1360000,3,10.5,Davis Square,2220,,1900,175,http://www.redfin.com/MA/Somerville/13-Cottage-Ave-02144/unit-1/home/166929086,72510173,42.3940007,-71.1219554
July-19-2019,multifamily,31 Maple Ave,Cambridge,02139,3400000,6,5.5,Mid Cambridge,4528,7466,1887,,http://www.redfin.com/MA/Cambridge/31-Maple-Ave-02139/home/11563747,72490457,42.373245,-71.1043965
July-19-2019,singlefamily,421 Huron Ave,Cambridge,02138,2550000,5,3.5,West Cambridge,3068,5300,1888,,http://www.redfin.com/MA/Cambridge/421-Huron-Ave-02138/home/11590350,72501173,42.3810132,-71.1406508
July-19-2019,singlefamily,81 Fairmont St,Arlington,02474,911000,3,1.5,Arlington,1584,3406,1909,,http://www.redfin.com/MA/Arlington/81-Fairmont-St-02474/home/8399538,72519156,42.4001824,-71.1414399
July-2-2019,condo,262 Monsignor O'Brien Hwy #703,Cambridge,02141,740000,1,1,Cambridge,781,,2017,456,http://www.redfin.com/MA/Cambridge/262-Monsignor-O-Brien-Hwy-02141/unit-703/home/144837964,72497279,42.3731839,-71.0819506
July-2-2019,condo,863 Massachusetts Ave #54,Cambridge,02139,540000,1,1,Cambridge,550,550,1920,381,http://www.redfin.com/MA/Cambridge/863-Massachusetts-Ave-02139/unit-54/home/11566219,72486761,42.3677362,-71.1072324
July-2-2019,multifamily,275 Hurley St,Cambridge,02141,1700000,6,3,Cambridge,3333,2911,1894,,http://www.redfin.com/MA/Cambridge/275-Hurley-St-02141/home/11552955,72487807,42.3687894,-71.0832737
July-22-2019,condo,125 Montgomery St #2,Cambridge,02140,775000,3,2,North Cambridge,1208,,1910,270,http://www.redfin.com/MA/Cambridge/125-Montgomery-St-02140/unit-2/home/137474499,72513312,42.3968672,-71.1332333
July-22-2019,condo,65 Reservoir St #1,Cambridge,02138,840000,2,2,Cambridge,1061,,1926,268,http://www.redfin.com/MA/Cambridge/65-Reservoir-St-02138/unit-1/home/45481550,72517469,42.3814524,-71.1359703
July-22-2019,condo,183 Prospect St #3,Cambridge,02139,486525,2,1,Mid Cambridge,983,,1880,150,http://www.redfin.com/MA/Cambridge/183-Prospect-St-02139/unit-3/home/11562884,72517798,42.3699865,-71.1009725
July-22-2019,condo,1 Earhart St #725,Cambridge,02141,600000,1,1.5,Lechmere Point,803,,2006,626,http://www.redfin.com/MA/Cambridge/1-Earhart-St-02141/unit-725/home/28439919,72500912,42.3710291,-71.0742575
July-22-2019,multifamily,27 Aberdeen Ave,Cambridge,02138,1700000,7,4,Cambridge,3983,4946,1909,,http://www.redfin.com/MA/Cambridge/27-Aberdeen-Ave-02138/home/11592048,72508236,42.3761525,-71.145896
July-22-2019,townhouse,25 Highland Ave Unit A,Cambridge,02139,1000000,2,2.5,Cambridge,1015,,1984,252,http://www.redfin.com/MA/Cambridge/25-Highland-Ave-02139/unit-A/home/11563322,72499234,42.3724797,-71.1064391
July-23-2019,condo,346 Putnam Ave #1,Cambridge,02139,1479000,4,3,Cambridgeport,2361,,1903,165,http://www.redfin.com/MA/Cambridge/346-Putnam-Ave-02139/unit-1/home/56282107,72491972,42.3613517,-71.1132056
July-23-2019,condo,40 Kinnaird St #3,Cambridge,02139,715000,2,1,Cambridge,775,,1903,300,http://www.redfin.com/MA/Cambridge/40-Kinnaird-St-02139/unit-3/home/11568511,72483349,42.3658614,-71.1089831
July-23-2019,singlefamily,115 Coolidge Hl,Cambridge,02138,3200000,6,4,Coolidge Hill,3998,9140,1926,,http://www.redfin.com/MA/Cambridge/115-Coolidge-Hl-02138/home/11594946,72476142,42.3734777,-71.1387388
July-24-2019,condo,50 Line St #2,Somerville,02143,670000,2,1,Somerville,865,,1900,200,http://www.redfin.com/MA/Somerville/50-Line-St-02143/unit-2/home/8741954,72507863,42.3767696,-71.1056177
July-24-2019,condo,170 Gore St #417,Cambridge,02141,740000,2,2,Cambridge,970,,1986,553,http://www.redfin.com/MA/Cambridge/170-Gore-St-02141/unit-417/home/11554053,72521138,42.3725806,-71.0856258
July-24-2019,condo,15 Howard St #1,Cambridge,02139,860000,3,2,Riverside,1155,,1903,185,http://www.redfin.com/MA/Cambridge/15-Howard-St-02139/unit-1/home/167111043,72521486,42.3640889,-71.1108127
July-24-2019,condo,150 Berkshire St #150,Cambridge,02141,330000,0,1,Cambridge,340,,1920,259,http://www.redfin.com/MA/Cambridge/150-Berkshire-St-02141/unit-150/home/160760505,72471022,42.3721359,-71.0897344
July-25-2019,condo,133 River St #3,Cambridge,02139,926000,2,2,Riverside,1329,,1899,340,http://www.redfin.com/MA/Cambridge/133-River-St-02139/unit-3/home/11603513,72507963,42.3639544,-71.1090371
July-25-2019,condo,115-117 Dudley St #1,Cambridge,02140,979000,4,2,North Cambridge,1950,,1897,234,http://www.redfin.com/MA/Cambridge/115-117-Dudley-St-02140/unit-1/home/11580967,72487503,42.3959199,-71.1337784
July-25-2019,condo,2 Earhart St Ph 3,Cambridge,02141,949000,2,1,Cambridge,951,951,2006,780,http://www.redfin.com/MA/Cambridge/2-Earhart-St-02141/unit-3/home/28439621,72509406,42.371116,-71.074137
July-25-2019,townhouse,170 Erie St #1,Cambridge,02139,2000000,4,4.5,Cambridgeport,2716,,2019,317,http://www.redfin.com/MA/Cambridge/170-Erie-St-02139/unit-1/home/160677331,72464750,42.3596918,-71.1074139
July-26-2019,condo,53 Howard St #3,Cambridge,02139,776000,2,1,Riverside,860,,1916,182,http://www.redfin.com/MA/Cambridge/53-Howard-St-02139/unit-3/home/166867383,72508365,42.3658262,-71.1111741
July-26-2019,condo,130 Mount Auburn St #211,Cambridge,02138,1715000,2,2,Harvard Square,1359,,1985,1116,http://www.redfin.com/MA/Cambridge/130-Mt-Auburn-St-02138/unit-211/home/11575440,72512110,42.3730727,-71.1242535
July-26-2019,condo,29 Concord Ave #604,Cambridge,02138,521000,1,1,Cambridge,497,,1965,360,http://www.redfin.com/MA/Cambridge/29-Concord-Ave-02138/unit-604/home/11586499,72510492,42.3797068,-71.1256169
July-26-2019,condo,51 Museum St #5,Cambridge,02138,635000,1,1,Cambridge,707,,1930,175,http://www.redfin.com/MA/Cambridge/51-Museum-St-02138/unit-5/home/11573248,72507208,42.3807939,-71.1136177
July-26-2019,condo,773 Concord Ave #406,Cambridge,02138,767500,3,2,Cambridge,1428,,2005,717,http://www.redfin.com/MA/Cambridge/773-Concord-Ave-02138/unit-406/home/19003221,72464930,42.3909192,-71.1545963
July-26-2019,multifamily,51 Magee St,Cambridge,02139,1400000,3,3,Riverside,1908,2958,1894,,http://www.redfin.com/MA/Cambridge/51-Magee-St-02139/home/11377512,72505713,42.36605,-71.1114693
July-26-2019,multifamily,324 Huron Ave,Cambridge,02138,1700000,5,2,West Cambridge,3274,5098,1916,,http://www.redfin.com/MA/Cambridge/324-Huron-Ave-02138/home/11590969,72508917,42.3811396,-71.1370301
July-26-2019,multifamily,340 Broadway,Cambridge,02139,1635000,5,5,Cambridge,3940,3906,1854,,http://www.redfin.com/MA/Cambridge/340-Broadway-02139/home/11562560,72492511,42.369762,-71.102839
July-29-2019,condo,107 Grozier Rd #107,Cambridge,02138,951000,3,2,Cambridge,1202,,1927,210,http://www.redfin.com/MA/Cambridge/107-Grozier-Rd-02138/unit-107/home/167083892,72517391,42.3809026,-71.1421826
July-29-2019,condo,626 Huron Ave #1,Cambridge,02138,760000,2,1,Cambridge,968,,1914,153,http://www.redfin.com/MA/Cambridge/626-Huron-Ave-02138/unit-1/home/101678844,72520898,42.379461,-71.1508476
July-29-2019,condo,9 Medford St #514,Somerville,02143,944000,2,2,Somerville,1140,,1916,831,http://www.redfin.com/MA/Somerville/9-Medford-St-02143/unit-514/home/167040779,72513014,42.3742011,-71.0868252
July-29-2019,condo,16 Alberta Ter #1,Cambridge,02140,625442,2,1,Cambridge,970,,1910,200,http://www.redfin.com/MA/Cambridge/16-Alberta-Ter-02140/unit-1/home/11581451,72517013,42.3966066,-71.1303014
July-29-2019,condo,24 Cameron Ave #2,Cambridge,02140,680000,2,1,Cambridge,762,,1893,275,http://www.redfin.com/MA/Cambridge/24-Cameron-Ave-02140/unit-2/home/11579527,72521490,42.398046,-71.1291584
July-29-2019,condo,199 Prospect St Unit A,Cambridge,02139,369900,1,1,Inman Square,379,,1905,118,http://www.redfin.com/MA/Cambridge/199-Prospect-St-02139/unit-A/home/110093910,72488340,42.3703535,-71.100497
July-29-2019,townhouse,72 Harvey St #72,Cambridge,02140,1310000,3,2,Cambridge,1846,,2011,150,http://www.redfin.com/MA/Cambridge/72-Harvey-St-02140/unit-72/home/167031254,72512452,42.397164,-71.132578
July-3-2019,condo,15 Upland Rd #1,Cambridge,02140,660000,2,1,Cambridge,869,,1900,275,http://www.redfin.com/MA/Cambridge/15-Upland-Rd-02140/unit-1/home/11596499,72501138,42.3882924,-71.1202187
July-3-2019,condo,205 Richdale Ave Unit A-12,Cambridge,02140,1160000,3,2.5,Cambridge,1689,,1988,637,http://www.redfin.com/MA/Cambridge/205-Richdale-Ave-02140/unit-A-12/home/162327950,72483227,42.3897132,-71.1285354
July-3-2019,multifamily,10-12 Ashton Pl,Cambridge,02138,3200000,5,5,Harvard Square,3111,3250,1894,,http://www.redfin.com/MA/Cambridge/10-Ashton-Pl-02138/home/11572474,72163690,42.376096,-71.1115455
July-3-2019,multifamily,1612 Cambridge St,Cambridge,02138,1320000,5,2,Mid Cambridge,2250,1654,1886,,http://www.redfin.com/MA/Cambridge/1612-Cambridge-St-02138/home/11571478,72500543,42.3745933,-71.1088677
July-30-2019,condo,4 Washington Ave #18,Cambridge,02140,620000,1,1,Avon Hill,607,,1930,264,http://www.redfin.com/MA/Cambridge/4-Washington-Ave-02140/unit-18/home/11585357,72496487,42.3842149,-71.1222682
July-30-2019,condo,1 Earhart St #706,Cambridge,02141,800000,1,1.5,East Cambridge,954,,2006,697,http://www.redfin.com/MA/Cambridge/1-Earhart-St-02141/unit-706/home/28439755,72514291,42.3710291,-71.0742575
July-30-2019,condo,1572 Massachusetts Ave #34,Cambridge,02138,706000,1,1,Harvard Square,606,,1850,374,http://www.redfin.com/MA/Cambridge/1572-Massachusetts-Ave-02138/unit-34/home/11575991,72512425,42.378766,-71.1205675
July-30-2019,condo,417 Putnam Ave #1,Cambridge,02139,1300000,3,2.5,Cambridge,1952,,1902,195,http://www.redfin.com/MA/Cambridge/417-Putnam-Ave-02139/unit-1/home/84708203,72514008,42.359522,-71.1120347
July-31-2019,condo,130 Mount Auburn St #406,Cambridge,02138,930000,1,1,Harvard Square,794,,1985,661,http://www.redfin.com/MA/Cambridge/130-Mt-Auburn-St-02138/unit-406/home/11575498,72499657,42.3730727,-71.1242535
July-31-2019,condo,1 Aberdeen Way #206,Cambridge,02138,580000,1,1,West Cambridge,768,,1960,359,http://www.redfin.com/MA/Cambridge/1-Aberdeen-Way-02138/unit-206/home/11604515,72457797,42.3775873,-71.147801
July-31-2019,condo,1600 Massachusetts Ave #302,Cambridge,02138,905000,2,1.5,Harvard Square,915,,1982,401,http://www.redfin.com/MA/Cambridge/1600-Massachusetts-Ave-02138/unit-302/home/11576576,72517730,42.377917,-71.1204142
July-31-2019,condo,655 Concord Ave #202,Cambridge,02138,699000,3,2,Cambridge,1356,,1996,511,http://www.redfin.com/MA/Cambridge/655-Concord-Ave-02138/unit-202/home/11595839,72513140,42.3902094,-71.148815
July-31-2019,condo,1 Earhart St #103,Cambridge,02141,830000,1,1.5,East Cambridge,935,,2006,689,http://www.redfin.com/MA/Cambridge/1-Earhart-St-02141/unit-103/home/28439440,72485228,42.3710291,-71.0742575
July-31-2019,singlefamily,30 Bellis Cir,Cambridge,02140,750000,4,2,North Cambridge,1624,2345,1894,,http://www.redfin.com/MA/Cambridge/30-Bellis-Cir-02140/home/11594369,72485009,42.3900438,-71.1339665
July-31-2019,singlefamily,12 Dinsmore Ct,Cambridge,02138,3150000,4,3.5,Harvard Square,2960,2109,1873,,http://www.redfin.com/MA/Cambridge/12-Dinsmore-Ct-02138/home/11587304,72508382,42.3749564,-71.129046
July-31-2019,singlefamily,8 Willard St,Cambridge,02138,3650000,6,4,Old Cambridge National Register district,4341,8000,1765,,http://www.redfin.com/MA/Cambridge/8-Willard-St-02138/home/11587100,72487222,42.3759532,-71.1278159
July-31-2019,townhouse,47 Lopez St #2,Cambridge,02139,650000,2,1,Cambridge,897,,1974,408,http://www.redfin.com/MA/Cambridge/47-Lopez-St-02139/unit-2/home/55737176,72455694,42.3617139,-71.1048137
July-31-2019,townhouse,39 Hammond St #1,Cambridge,02138,2750000,3,3.5,Cambridge,2806,,1920,600,http://www.redfin.com/MA/Cambridge/39-Hammond-St-02138/unit-1/home/147521357,72522621,42.3809701,-71.1148878
July-8-2019,condo,3 Donnell St #2,Cambridge,02138,760000,2,1,West Cambridge,938,,1927,275,http://www.redfin.com/MA/Cambridge/3-Donnell-St-02138/unit-2/home/77507631,72508505,42.383646,-71.1327142
July-8-2019,condo,56 Elm St #1,Cambridge,02139,891000,2,2,Cambridge,1245,,1945,206,http://www.redfin.com/MA/Cambridge/56-Elm-St-02139/unit-1/home/11601401,72487354,42.3684367,-71.0978826
July-8-2019,townhouse,3 Saville St #0,Cambridge,02138,1250000,3,1,Cambridge,1805,,1910,125,http://www.redfin.com/MA/Cambridge/3-Saville-St-02138/unit-3/home/161048573,72476270,42.3829144,-71.1335023
July-9-2019,condo,2 Earhart St #607,Cambridge,02141,710000,1,1,Cambridge,746,,2006,599,http://www.redfin.com/MA/Cambridge/2-Earhart-St-02141/unit-607/home/28439724,72500395,42.3710164,-71.0742685
July-9-2019,condo,56 Matignon Rd #56,Cambridge,02140,1200000,4,3,Cambridge,2109,,1928,275,http://www.redfin.com/MA/Cambridge/56-Matignon-Rd-02140/unit-56/home/164421043,72490440,42.4020729,-71.133363
July-9-2019,condo,28 Essex St #4,Cambridge,02139,1445000,4,2,Central Square,1306,,1900,334,http://www.redfin.com/MA/Cambridge/28-Essex-St-02139/unit-4/home/19003205,72507952,42.3663916,-71.1016625
June-25-2019,condo,169 Monsignor Obrien Hwy #802,Cambridge,02141,700000,2,2,East Cambridge,977,,1930,756,http://www.redfin.com/MA/Cambridge/169-Monsignor-O-Brien-Hwy-02141/unit-802/home/11600868,72502277,42.3718074,-71.0775304
June-25-2019,condo,240 Concord Ave #3,Cambridge,02138,775000,2,2,Cambridge,1056,,1906,408,http://www.redfin.com/MA/Cambridge/240-Concord-Ave-02138/unit-3/home/11589372,72516319,42.3828248,-71.1323943
June-25-2019,condo,178-180 Fayerweather #1,Cambridge,02138,938000,2,2,Neighborhood 9,1500,,1911,226,http://www.redfin.com/MA/Cambridge/178-Fayerweather-St-02138/unit-1/home/39915408,72501456,42.3853449,-71.1346016
June-26-2019,condo,18 Tufts St #5,Cambridge,02139,1175000,3,3,Cambridgeport,1316,,1920,169,http://www.redfin.com/MA/Cambridge/18-Tufts-St-02139/unit-5/home/160501924,72455090,42.3572171,-71.1115934
June-26-2019,condo,850 Massachusetts #9,Cambridge,02139,610000,1,1,Central Square,699,,1920,386,http://www.redfin.com/MA/Cambridge/850-Massachusetts-Ave-02139/unit-9/home/11599194,72488218,42.367312,-71.1071047
June-26-2019,condo,113 Antrim St #1,Cambridge,02139,1027000,2,1.5,Mid Cambridge,1460,,1925,200,http://www.redfin.com/MA/Cambridge/113-Antrim-St-02139/unit-1/home/11594667,72496162,42.3730064,-71.102102
June-26-2019,condo,20 Sacramento Pl #20,Cambridge,02138,1280000,3,3,Agassiz,2004,,1903,255,http://www.redfin.com/MA/Cambridge/20-Sacramento-Pl-02138/unit-20/home/166587544,72499447,42.3831321,-71.116871
June-26-2019,condo,189 Charles #2,Cambridge,02141,640000,2,1,Cambridge,680,,1873,150,http://www.redfin.com/MA/Cambridge/189-Charles-St-02141/unit-2/home/166004854,72497742,42.3681184,-71.0836915
June-26-2019,condo,189 Charles #3,Cambridge,02141,631000,2,1,Cambridge,719,,1873,150,http://www.redfin.com/MA/Cambridge/189-Charles-St-02141/unit-3/home/166004856,72497743,42.3681184,-71.0836915
June-26-2019,condo,9 Medford St #204,Somerville,02143,555000,1,1,Somerville,799,,1916,489,http://www.redfin.com/MA/Somerville/9-Medford-St-02143/unit-204/home/164595232,72491899,42.3742011,-71.0868252
June-26-2019,multifamily,150 Webster Ave,Cambridge,02141,1750000,6,4,Wellington-Harrington,3789,3164,1886,,http://www.redfin.com/MA/Cambridge/150-Webster-Ave-02141/home/11556511,72480721,42.3700649,-71.0935799
June-26-2019,multifamily,31 Tremont,Cambridge,02139,5150000,21,9,Area 4,8255,4800,1902,,http://www.redfin.com/MA/Cambridge/31-Tremont-St-02139/home/11557829,72482066,42.3704568,-71.0990346
June-26-2019,singlefamily,7 Healey St,Cambridge,02138,1925000,3,2.5,Cambridge,2282,5399,1916,,http://www.redfin.com/MA/Cambridge/7-Healey-St-02138/home/11588523,72491213,42.3802467,-71.1285707
June-27-2019,condo,129 Thorndike St #1,Cambridge,02141,545000,2,1,East Cambridge,751,,1850,180,http://www.redfin.com/MA/Cambridge/129-Thorndike-St-02141/unit-1/home/11604475,72479811,42.3702686,-71.0839465
June-27-2019,singlefamily,14 Van Norden St,Cambridge,02140,1450000,3,2.5,Cambridge,1923,3552,1991,,http://www.redfin.com/MA/Cambridge/14-Van-Norden-St-02140/home/11582453,72487085,42.391443,-71.1293246
June-27-2019,townhouse,106 Hamilton #106,Cambridge,02139,922500,3,2,Cambridgeport,1342,,1866,104,http://www.redfin.com/MA/Cambridge/106-Hamilton-St-02139/unit-106/home/12373144,72500113,42.358646,-71.1069136
June-27-2019,townhouse,30 CLIFTON St #2,Cambridge,02140,1275000,3,3.5,North Cambridge,1962,6000,2019,250,http://www.redfin.com/MA/Cambridge/30-Clifton-St-02140/unit-2/home/160931891,72473949,42.3945066,-71.1364267
June-27-2019,townhouse,44 Regent St #44,Cambridge,02140,1390000,3,3.5,Porter Square,1940,,1989,500,http://www.redfin.com/MA/Cambridge/44-Regent-St-02140/unit-44/home/113222083,72487248,42.3892619,-71.1223935
June-28-2019,condo,27 Wheeler St #221,Cambridge,02138,600000,1,1,Cambridge,644,,2007,280,http://www.redfin.com/MA/Cambridge/27-Wheeler-St-02138/unit-221/home/28439770,72500911,42.3891481,-71.1443056
June-28-2019,condo,1105 Massachusetts Ave Unit 11C,Cambridge,02138,800000,2,1,Harvard Square,871,,1970,388,http://www.redfin.com/MA/Cambridge/1105-Massachusetts-Ave-02138/unit-11C/home/11570488,72512929,42.3708466,-71.1135184
June-28-2019,condo,20 Corporal McTernan St #305,Cambridge,02139,805000,1,1,Cambridgeport,751,,1926,540,http://www.redfin.com/MA/Cambridge/20-Corporal-McTernan-St-02139/unit-305/home/28439743,72486028,42.3609149,-71.1079478
June-28-2019,condo,10 Museum Way #1322,Cambridge,02141,860000,2,2,East Cambridge,1066,,1998,908,http://www.redfin.com/MA/Cambridge/10-Museum-Way-02141/unit-1322/home/160671733,72464053,42.3703321,-71.0714415
June-28-2019,condo,6 Canal Park #103,Cambridge,02141,800000,1,1,Cambridge,832,832,1986,667,http://www.redfin.com/MA/Cambridge/6-Canal-Park-02141/unit-103/home/11550344,72513656,42.3696481,-71.0749309
June-28-2019,condo,12 Concord Ave #3,Cambridge,02138,960000,1,1,Harvard Square,1298,,1890,350,http://www.redfin.com/MA/Cambridge/12-Concord-Ave-02138/unit-3/home/11586939,72500993,42.3784027,-71.1243495
June-28-2019,condo,70 Howard,Somerville,02144,1599000,1,1,Davis Square,1006,,2017,292,http://www.redfin.com/MA/Somerville/70-Howard-St-02144/Ph/home/112944857,72495805,42.3977407,-71.1265334
June-28-2019,multifamily,14 Bigelow St,Cambridge,02139,2205000,9,3,Central Square,2706,4000,1905,,http://www.redfin.com/MA/Cambridge/14-Bigelow-St-02139/home/11566662,72471242,42.3679608,-71.1051857
June-28-2019,multifamily,75-79 Kinnaird St,Cambridge,02139,2000000,9,4,Riverside,4072,3667,1910,,http://www.redfin.com/MA/Cambridge/75-Kinnaird-St-02139/home/11568132,72490931,42.366798,-71.110737
June-28-2019,multifamily,253 1/2 Broadway,Cambridge,02139,1510000,8,2.5,Area 4,3000,3595,1902,,http://www.redfin.com/MA/Cambridge/253-1-2-Broadway-02139/unit-4/home/144785189,72484121,42.36760171,-71.09623676
June-28-2019,singlefamily,28 Hawthorn St,Cambridge,02138,3424629,5,3,Harvard Square,3158,4832,1886,,http://www.redfin.com/MA/Cambridge/28-Hawthorn-St-02138/home/11575568,72467781,42.3752277,-71.1258431
June-28-2019,townhouse,189 Richdale Ave Unit B4,Cambridge,02140,725000,2,1.5,Porter Square,1054,,1988,382,http://www.redfin.com/MA/Cambridge/189-Richdale-Ave-02140/unit-B4/home/165399994,72494975,42.3896883,-71.1282801
September-10-2019,condo,260 Beacon St #102,Somerville,02143,785000,1,1,Somerville,971,,2018,270,http://www.redfin.com/MA/Somerville/260-Beacon-St-02143/unit-102/home/148025801,72420015,42.3823048,-71.1119401
September-10-2019,condo,29A Tremont St Unit 3L,Cambridge,02139,423000,1,1,Cambridge,688,,1920,195,http://www.redfin.com/MA/Cambridge/29A-Tremont-St-02139/unit-3L/home/145336598,72524982,42.3703042,-71.0991492
September-11-2019,condo,260 Beacon St #104,Somerville,02143,815000,1,1,Somerville,1073,,2018,298,http://www.redfin.com/MA/Somerville/260-Beacon-St-02143/unit-104/home/147037479,72394429,42.3823048,-71.1119401
September-11-2019,townhouse,384 Windsor St Unit 2,Cambridge,02141,880000,2,2,Kendall Square,956,,1920,275,http://www.redfin.com/MA/Cambridge/384-Windsor-St-02141/unit-2/home/167185324,72530788,42.3704261,-71.0939363
September-12-2019,condo,975 Memorial Dr #408,Cambridge,02138,2100000,1,1.5,Harvard Square,1105,,1986,1215,http://www.redfin.com/MA/Cambridge/975-Memorial-Dr-02138/unit-408/home/11574769,72532033,42.3716982,-71.1236136
September-12-2019,condo,1 Crawford St #8,Cambridge,02139,650000,1,1,Mid Cambridge,600,,1930,362,http://www.redfin.com/MA/Cambridge/1-Crawford-St-02139/unit-8/home/11564925,72549707,42.3710164,-71.107424
September-13-2019,condo,30 Howard St #4,Somerville,02144,762000,1,1,Davis Square,889,,2004,433,http://www.redfin.com/MA/Somerville/30-Howard-St-02144/unit-4/home/25688710,72517226,42.3977118,-71.126094
September-13-2019,condo,260 Beacon St #101,Somerville,02143,839000,1,1,Inman Square,1070,,2019,297,http://www.redfin.com/MA/Somerville/260-Beacon-St-02143/unit-101/home/148025749,72420013,42.3823048,-71.1119401
September-13-2019,multifamily,64 Richdale Ave,Cambridge,02140,1100000,3,2.5,Porter Square,1955,3400,1870,,http://www.redfin.com/MA/Cambridge/64-Richdale-Ave-02140/home/11583824,72514644,42.388465,-71.1233828
September-16-2019,condo,39 Henderson St #39,Arlington,02474,689900,2,1.5,Arlington,1362,,1880,135,http://www.redfin.com/MA/Arlington/39-Henderson-St-02474/unit-39/home/167109892,72521206,42.4030953,-71.1361018
September-16-2019,condo,31 Wheeler St #303,Cambridge,02138,770000,2,2,Cambridge,1149,,2007,396,http://www.redfin.com/MA/Cambridge/31-Wheeler-St-02138/unit-303/home/28439882,72536105,42.3892154,-71.1443072
September-16-2019,condo,2 Earhart St #1002,Cambridge,02141,735000,1,1,East Cambridge,769,,2006,583,http://www.redfin.com/MA/Cambridge/2-Earhart-St-02141/unit-1002/home/28439454,72518509,42.3710291,-71.0742575
September-16-2019,multifamily,372-378 Washington St,Cambridge,02139,3750000,16,9,Cambridge,7952,2485,1900,,http://www.redfin.com/MA/Cambridge/372-Washington-St-02139/home/55737173,72515800,42.3656066,-71.0998749
September-16-2019,multifamily,6-8 Goodman Rd,Cambridge,02138,1700000,5,2.5,Cambridge,2268,3250,1923,,http://www.redfin.com/MA/Cambridge/6-Goodman-Rd-02139/home/167643103,72536971,42.3715585,-71.1081608
September-16-2019,singlefamily,60 Market St,Cambridge,02139,1160000,4,2,Cambridge,1418,1466,1886,,http://www.redfin.com/MA/Cambridge/60-Market-St-02139/home/11557658,72544726,42.3690354,-71.0972822
September-16-2019,townhouse,88 Hammond St Unit B,Cambridge,02138,1275000,3,2,Agassiz,1580,,1920,410,http://www.redfin.com/MA/Cambridge/88-Hammond-St-02138/unit-B/home/12548946,72530759,42.3813029,-71.1132534
September-17-2019,condo,20 Maple Ave #2,Cambridge,02139,585000,1,1,Cambridge,607,15000,1880,374,http://www.redfin.com/MA/Cambridge/20-Maple-Ave-02139/unit-2/home/11564000,72500345,42.3718433,-71.1049929
September-18-2019,condo,355 Concord Ave Unit B,Cambridge,02138,1225000,4,2,Cambridge,1669,,1922,224,http://www.redfin.com/MA/Cambridge/355-Concord-Ave-02138/unit-B/home/11549921,72539272,42.3850132,-71.136241
September-18-2019,singlefamily,39-C Bellis Cir,Cambridge,02140,1099000,3,2,North Cambridge,1622,1579,1988,50,http://www.redfin.com/MA/Cambridge/39C-Bellis-Cir-02140/home/164580811,72491694,42.3905609,-71.1343451
September-18-2019,singlefamily,6 Michael Way,Cambridge,02141,1080000,2,1.5,Cambridge,1296,3336,1983,,http://www.redfin.com/MA/Cambridge/6-Michael-Way-02141/home/11554791,72549751,42.3697794,-71.0890768
September-19-2019,condo,12 Houghton St #2,Somerville,02143,650000,2,1,Inman Square,956,,1920,135,http://www.redfin.com/MA/Somerville/12-Houghton-St-02143/unit-2/home/8755315,72549727,42.3744901,-71.0982071
September-19-2019,condo,118 Pleasant St #1,Cambridge,02139,815000,2,1,Cambridgeport,1017,,1894,199,http://www.redfin.com/MA/Cambridge/118-Pleasant-St-02139/unit-1/home/35657590,72542827,42.3609896,-71.1115455
September-20-2019,condo,37 Lee St #3,Cambridge,02139,735000,2,1,Cambridge,1052,,1901,668,http://www.redfin.com/MA/Cambridge/37-Lee-St-02139/unit-3/home/11565958,72546061,42.3697002,-71.1061235
September-20-2019,condo,104 Pleasant St #2,Cambridge,02139,640000,2,1,Cambridgeport,857,,1905,225,http://www.redfin.com/MA/Cambridge/104-Pleasant-St-02139/unit-2/home/11560563,72549765,42.3614608,-71.1110253
September-20-2019,condo,85 Clifton St #1,Cambridge,02140,658000,2,1,North Cambridge,1017,,1912,175,http://www.redfin.com/MA/Cambridge/85-Clifton-St-02140/unit-1/home/11378143,72542408,42.3960782,-71.1360235
September-23-2019,townhouse,331 Beacon St #1,Somerville,02143,798000,3,2.5,Somerville,1430,,1910,125,http://www.redfin.com/MA/Somerville/331-Beacon-St-02143/unit-1/home/12389672,72531145,42.3850445,-71.114369
September-3-2019,condo,950 Massachusetts Ave #617,Cambridge,02139,625500,1,1,Harvard Square,603,,1989,641,http://www.redfin.com/MA/Cambridge/950-Massachusetts-Ave-02139/unit-617/home/11567389,72539765,42.3687316,-71.109958
September-3-2019,condo,8-12 Museum Way #707,Cambridge,02141,605000,1,1,Cambridge,663,,1998,603,http://www.redfin.com/MA/Cambridge/8-Museum-Way-02141/unit-707/home/11602065,72527905,42.3700991,-71.0716742
September-3-2019,condo,28 Foch St #2,Cambridge,02140,519000,2,2,North Cambridge,944,,1892,258,http://www.redfin.com/MA/Cambridge/28-Foch-St-02140/unit-2/home/11602496,72501306,42.401436,-71.1352546
September-3-2019,condo,47 Homer Ave Unit 2-4,Cambridge,02138,468000,2,1,West Cambridge,860,,1970,379,http://www.redfin.com/MA/Cambridge/47-Homer-Ave-02138/unit-2-4/home/11595281,72487811,42.3765122,-71.1479656
September-3-2019,condo,24 Bay State Rd #14,Cambridge,02138,590000,1,1,West Cambridge,783,,2006,388,http://www.redfin.com/MA/Cambridge/24-Bay-State-Rd-02138/unit-14/home/21472363,72507464,42.3871284,-71.1399835
September-3-2019,condo,321 Harvard St #103,Cambridge,02139,780000,2,1.5,Harvard Square,823,,1980,441,http://www.redfin.com/MA/Cambridge/321-Harvard-St-02139/unit-103/home/11564758,72543122,42.3704201,-71.1073621
September-3-2019,singlefamily,7 Chauncy Ln,Cambridge,02138,1500000,3,2.5,Harvard Square,2142,1236,1968,,http://www.redfin.com/MA/Cambridge/7-Chauncy-Ln-02138/home/11577028,72491063,42.3799308,-71.12235
September-4-2019,condo,170 Gore St #518,Cambridge,02141,527518,1,1,Cambridge,623,,1986,456,http://www.redfin.com/MA/Cambridge/170-Gore-St-02141/unit-518/home/11554109,72521942,42.3725806,-71.0856258
September-4-2019,condo,130 Mount Auburn St #509,Cambridge,02138,2750000,3,2,Harvard Square,1384,,1985,1328,http://www.redfin.com/MA/Cambridge/130-Mt-Auburn-St-02138/unit-509/home/11575521,72515728,42.3730727,-71.1242535
September-4-2019,condo,950 Massachusetts Ave #513,Cambridge,02139,1200000,2,2,Cambridge,1022,,1989,812,http://www.redfin.com/MA/Cambridge/950-Massachusetts-Ave-02139/unit-513/home/11567329,72514711,42.3687316,-71.109958
September-5-2019,condo,67 Walker St #2,Cambridge,02138,568500,1,1,Harvard Square,561,,1847,389,http://www.redfin.com/MA/Cambridge/67-Walker-St-02138/unit-2/home/138228743,72530498,42.38055,-71.1224525
September-5-2019,condo,180 Magazine St Unit 2nd,Cambridge,02139,1000000,3,1.5,Cambridgeport,1303,,1916,362,http://www.redfin.com/MA/Cambridge/180-Magazine-St-02139/unit-2nd/home/167048439,72515825,42.3571725,-71.1128917
September-5-2019,singlefamily,14 Lopez Ave,Cambridge,02141,1325000,4,6,Kendall Square,3672,3053,1902,,http://www.redfin.com/MA/Cambridge/14-Lopez-Ave-02141/home/11551661,72502844,42.3685554,-71.0795598
September-6-2019,condo,64 Prentiss St #2,Cambridge,02140,696000,3,2,Cambridge,827,,1903,250,http://www.redfin.com/MA/Cambridge/64-Prentiss-St-02140/unit-2/home/11573884,72536000,42.3840027,-71.115481
September-6-2019,condo,10 Rogers #301,Cambridge,02142,1090000,2,2,East Cambridge,1117,,1989,812,http://www.redfin.com/MA/Cambridge/10-Rogers-St-02142/unit-301/home/11550625,72549109,42.3656783,-71.0772268
September-6-2019,condo,30 Myrtle Ave #30,Cambridge,02138,890000,2,2,Cambridge,1365,,1894,,http://www.redfin.com/MA/Cambridge/30-Myrtle-Ave-02138/unit-30/home/167047350,72513890,42.3774154,-71.1071068
September-9-2019,singlefamily,7 Cornelius Way,Cambridge,02141,1168000,3,2,Wellington-Harrington,1296,3025,1984,,http://www.redfin.com/MA/Cambridge/7-Cornelius-Way-02141/home/11554723,72537574,42.368832,-71.089813
September-9-2019,townhouse,12 Perry St #2,Cambridge,02139,1275000,2,2.5,Cambridgeport,1529,,2004,333,http://www.redfin.com/MA/Cambridge/12-Perry-St-02139/unit-2/home/167928764,72539914,42.3618984,-71.1068569